step,train_loss,train_plus_loss,train_raw_plus_loss,train_target_vq_ce_loss,train_projector_recon_loss,train_symmetry_loss,train_commit_loss,train_code_accuracy,train_number_accuracy,train_count,eval_loss,eval_plus_loss,eval_raw_plus_loss,eval_target_vq_ce_loss,eval_projector_recon_loss,eval_symmetry_loss,eval_commit_loss,eval_code_accuracy,eval_number_accuracy,eval_count
1,3.2075359583933114,27.396281890538862,0.0,3.2075359583933114,0.0,0.0,0.0,0.09523809523809523,0.07792207792207792,231,3.2041440051355403,27.293767879535626,0.0,3.2041440051355403,0.0,0.0,0.0,0.1038961038961039,0.07792207792207792,231
100,2.963004643782909,18.678130748468043,0.0,2.963004643782909,0.0,0.0,0.0,0.15584415584415584,0.1341991341991342,231,2.9609422632110065,18.590384537007385,0.0,2.9609422632110065,0.0,0.0,0.0,0.1341991341991342,0.12987012987012986,231
200,2.848016290953665,16.942704733316,0.0,2.848016290953665,0.0,0.0,0.0,0.17316017316017315,0.1774891774891775,231,2.842519095449737,17.780783219770953,0.0,2.842519095449737,0.0,0.0,0.0,0.17316017316017315,0.1645021645021645,231
