step,train_loss,train_plus_loss,train_raw_plus_loss,train_target_vq_ce_loss,train_projector_recon_loss,train_symmetry_loss,train_commit_loss,train_code_accuracy,train_number_accuracy,train_count,eval_loss,eval_plus_loss,eval_raw_plus_loss,eval_target_vq_ce_loss,eval_projector_recon_loss,eval_symmetry_loss,eval_commit_loss,eval_code_accuracy,eval_number_accuracy,eval_count
1,8.248136879561784,8.248136879561784,0.0,0.0,0.0,0.0,0.0,0.025974025974025976,0.025974025974025976,231,8.221937724522181,8.221937724522181,0.0,0.0,0.0,0.0,0.0,0.030303030303030304,0.025974025974025976,231
100,7.734883345566787,7.734883345566787,0.0,0.0,0.0,0.0,0.0,0.030303030303030304,0.030303030303030304,231,7.722275416056315,7.722275416056315,0.0,0.0,0.0,0.0,0.0,0.030303030303030304,0.030303030303030304,231
200,7.598641998324044,7.598641998324044,0.0,0.0,0.0,0.0,0.0,0.03896103896103896,0.03896103896103896,231,7.513244183032544,7.513244183032544,0.0,0.0,0.0,0.0,0.0,0.04329004329004329,0.04329004329004329,231
