step,train_loss,train_plus_loss,train_raw_plus_loss,train_target_vq_ce_loss,train_projector_recon_loss,train_symmetry_loss,train_commit_loss,train_code_accuracy,train_number_accuracy,train_count,eval_loss,eval_plus_loss,eval_raw_plus_loss,eval_target_vq_ce_loss,eval_projector_recon_loss,eval_symmetry_loss,eval_commit_loss,eval_code_accuracy,eval_number_accuracy,eval_count
1,3.1244360523306445,20.78864810993145,0.0,3.1244360523306445,0.0,0.0,0.0,0.09956709956709957,0.09090909090909091,231,3.121815705196166,20.9341828234784,0.0,3.121815705196166,0.0,0.0,0.0,0.09956709956709957,0.08225108225108226,231
100,2.6274750903571324,13.238800944703998,0.0,2.6274750903571324,0.0,0.0,0.0,0.18181818181818182,0.1645021645021645,231,2.7076040965654116,12.747046718349704,0.0,2.7076040965654116,0.0,0.0,0.0,0.17316017316017315,0.16017316017316016,231
200,2.405159092568732,13.330570609022528,0.0,2.405159092568732,0.0,0.0,0.0,0.23809523809523808,0.2597402597402597,231,2.4381798830899326,12.399870533963819,0.0,2.4381798830899326,0.0,0.0,0.0,0.27705627705627706,0.27705627705627706,231
