step,train_loss,train_plus_loss,train_raw_plus_loss,train_target_vq_ce_loss,train_projector_recon_loss,train_symmetry_loss,train_commit_loss,train_code_accuracy,train_number_accuracy,train_count,eval_loss,eval_plus_loss,eval_raw_plus_loss,eval_target_vq_ce_loss,eval_projector_recon_loss,eval_symmetry_loss,eval_commit_loss,eval_code_accuracy,eval_number_accuracy,eval_count
1,8.2053692557595,8.2053692557595,0.0,0.0,0.0,0.0,0.0,0.017316017316017316,0.017316017316017316,231,8.141040096035251,8.141040096035251,0.0,0.0,0.0,0.0,0.0,0.025974025974025976,0.021645021645021644,231
100,7.721781057712835,7.721781057712835,0.0,0.0,0.0,0.0,0.0,0.03463203463203463,0.03463203463203463,231,7.630798988012009,7.630798988012009,0.0,0.0,0.0,0.0,0.0,0.03896103896103896,0.03896103896103896,231
200,7.715435321196849,7.715435321196849,0.0,0.0,0.0,0.0,0.0,0.05194805194805195,0.05194805194805195,231,7.97966667687222,7.97966667687222,0.0,0.0,0.0,0.0,0.0,0.047619047619047616,0.047619047619047616,231
