step,train_loss,train_plus_loss,train_raw_plus_loss,train_target_vq_ce_loss,train_projector_recon_loss,train_symmetry_loss,train_commit_loss,train_code_accuracy,train_number_accuracy,train_count,eval_loss,eval_plus_loss,eval_raw_plus_loss,eval_target_vq_ce_loss,eval_projector_recon_loss,eval_symmetry_loss,eval_commit_loss,eval_code_accuracy,eval_number_accuracy,eval_count
5001,1.0295246467961894,3.229337097762467,0.0,1.0295246467961894,0.0,0.0,0.0,0.6017316017316018,0.7056277056277056,231,1.067392205263113,3.5067178139954933,0.0,1.067392205263113,0.0,0.0,0.0,0.5627705627705628,0.6796536796536796,231
5250,1.0227437537985962,3.0972646913487156,0.0,1.0227437537985962,0.0,0.0,0.0,0.6147186147186147,0.6883116883116883,231,1.0019450141237927,3.2485008425526805,0.0,1.0019450141237927,0.0,0.0,0.0,0.5930735930735931,0.658008658008658,231
5500,1.0222876784089323,3.418555057410038,0.0,1.0222876784089323,0.0,0.0,0.0,0.5887445887445888,0.6536796536796536,231,0.9818541286311624,3.397916160104595,0.0,0.9818541286311624,0.0,0.0,0.0,0.5844155844155844,0.658008658008658,231
5750,1.0222488734629247,3.263611076198099,0.0,1.0222488734629247,0.0,0.0,0.0,0.5800865800865801,0.6536796536796536,231,1.0043584763745725,3.1930127443173233,0.0,1.0043584763745725,0.0,0.0,0.0,0.5627705627705628,0.6277056277056277,231
6000,1.0230192616904452,3.1996401522582745,0.0,1.0230192616904452,0.0,0.0,0.0,0.5714285714285714,0.6103896103896104,231,1.0323039169435377,3.0398003095156185,0.0,1.0323039169435377,0.0,0.0,0.0,0.5584415584415584,0.6363636363636364,231
