step,train_loss,train_plus_loss,train_raw_plus_loss,train_target_vq_ce_loss,train_projector_recon_loss,train_symmetry_loss,train_commit_loss,train_code_accuracy,train_number_accuracy,train_count,eval_loss,eval_plus_loss,eval_raw_plus_loss,eval_target_vq_ce_loss,eval_projector_recon_loss,eval_symmetry_loss,eval_commit_loss,eval_code_accuracy,eval_number_accuracy,eval_count
1,33.91362214191651,26.233944211687362,33.91362214191651,0.0,0.0,0.0,7.630002314910228,0.06060606060606061,0.03896103896103896,231,33.9483615165149,26.26693110445361,33.9483615165149,0.0,0.0,0.0,7.630142886917312,0.030303030303030304,0.03896103896103896,231
500,7.836533913880715,7.847356858191552,7.836533913880715,0.0,0.0,0.0,0.03397842078143126,0.03463203463203463,0.03463203463203463,231,7.768951473814068,7.754696800595238,7.768951473814068,0.0,0.0,0.0,0.03393419902142766,0.030303030303030304,0.030303030303030304,231
1000,7.751866708070168,7.738147454860407,7.751866708070168,0.0,0.0,0.0,0.03329648964461826,0.05194805194805195,0.047619047619047616,231,7.7323895408993675,7.738922053085261,7.7323895408993675,0.0,0.0,0.0,0.03397806493557377,0.047619047619047616,0.05194805194805195,231
1500,6.612021450356488,6.661117611509381,6.612021450356488,0.0,0.0,0.0,0.023176972484175776,0.06926406926406926,0.06926406926406926,231,6.61501981892111,6.646664567840047,6.61501981892111,0.0,0.0,0.0,0.022292806408105992,0.05194805194805195,0.06060606060606061,231
2000,5.6428783941062495,5.660827322955772,5.6428783941062495,0.0,0.0,0.0,0.023565396569766008,0.06926406926406926,0.06926406926406926,231,6.016379959139473,6.001116665926847,6.016379959139473,0.0,0.0,0.0,0.030218681635020617,0.047619047619047616,0.06060606060606061,231
2500,5.117044221787226,5.144797149674717,5.117044221787226,0.0,0.0,0.0,0.026982675915285623,0.09956709956709957,0.09090909090909091,231,5.727241472764448,5.698081864939107,5.727241472764448,0.0,0.0,0.0,0.03466252547192883,0.0735930735930736,0.0735930735930736,231
3000,4.357356298537481,4.361939735742874,4.357356298537481,0.0,0.0,0.0,0.027211936924493675,0.09523809523809523,0.1038961038961039,231,5.4096809300509365,5.3392195949306736,5.4096809300509365,0.0,0.0,0.0,0.034335399377139614,0.08225108225108226,0.08658008658008658,231
