step,train_loss,train_plus_loss,train_raw_plus_loss,train_target_vq_ce_loss,train_projector_recon_loss,train_symmetry_loss,train_commit_loss,train_code_accuracy,train_number_accuracy,train_count,eval_loss,eval_plus_loss,eval_raw_plus_loss,eval_target_vq_ce_loss,eval_projector_recon_loss,eval_symmetry_loss,eval_commit_loss,eval_code_accuracy,eval_number_accuracy,eval_count
1,8.284334950632863,8.284334950632863,0.0,0.0,0.0,0.0,0.0,0.0,0.0,231,8.234395468905891,8.234395468905891,0.0,0.0,0.0,0.0,0.0,0.0,0.0,231
100,7.709710905562232,7.709710905562232,0.0,0.0,0.0,0.0,0.0,0.030303030303030304,0.030303030303030304,231,7.635311353774298,7.635311353774298,0.0,0.0,0.0,0.0,0.0,0.03463203463203463,0.03463203463203463,231
200,7.353994984647413,7.353994984647413,0.0,0.0,0.0,0.0,0.0,0.030303030303030304,0.030303030303030304,231,7.392729123433431,7.392729123433431,0.0,0.0,0.0,0.0,0.0,0.030303030303030304,0.030303030303030304,231
